,pos,aa
0,L1,D
1,L2,I
2,L3,Q
3,L4,M
4,L5,T
5,L6,Q
6,L7,S
7,L8,P
8,L9,A
9,L10,S
10,L11,L
11,L12,S
12,L13,A
13,L14,S
14,L15,V
15,L16,G
16,L17,E
17,L18,T
18,L19,V
19,L20,T
20,L21,I
21,L22,T
22,L23,C
23,L24,R
24,L25,A
25,L26,S
26,L27,G
27,L28,N
28,L29,I
29,L30,H
30,L31,N
31,L32,Y
32,L33,L
33,L34,A
34,L35,W
35,L36,Y
36,L37,Q
37,L38,Q
38,L39,K
39,L40,Q
40,L41,G
41,L42,K
42,L43,S
43,L44,P
44,L45,Q
45,L46,L
46,L47,L
47,L48,V
48,L49,Y
49,L50,Y
50,L51,T
51,L52,T
52,L53,T
53,L54,L
54,L55,A
55,L56,D
56,L57,G
57,L58,V
58,L59,P
59,L60,S
60,L61,R
61,L62,F
62,L63,S
63,L64,G
64,L65,S
65,L66,G
66,L67,S
67,L68,G
68,L69,T
69,L70,Q
70,L71,Y
71,L72,S
72,L73,L
73,L74,K
74,L75,I
75,L76,N
76,L77,S
77,L78,L
78,L79,Q
79,L80,P
80,L81,E
81,L82,D
82,L83,F
83,L84,G
84,L85,S
85,L86,Y
86,L87,Y
87,L88,C
88,L89,Q
89,L90,H
90,L91,F
91,L92,W
92,L93,S
93,L94,T
94,L95,P
95,L96,R
96,L97,T
97,L98,F
98,L99,G
99,L100,G
100,L101,G
101,L102,T
102,L103,K
103,L104,L
104,L105,E
105,L106,I
106,L107,K
